{
  "best_metric": 0.5157364010810852,
  "best_model_checkpoint": "./results_kogpt2_cls/checkpoint-11362",
  "epoch": 0.499955997535862,
  "eval_steps": 5681,
  "global_step": 11362,
  "is_hyper_param_search": false,
  "is_local_process_zero": true,
  "is_world_process_zero": true,
  "log_history": [
    {
      "epoch": 0.249977998767931,
      "grad_norm": 2.6750614643096924,
      "learning_rate": 8.517865907150523e-05,
      "loss": 0.5338,
      "step": 5681
    },
    {
      "epoch": 0.249977998767931,
      "eval_accuracy": {
        "accuracy": 0.7267092311785049
      },
      "eval_f1_metrics": {
        "f1": 0.47412336831328383
      },
      "eval_loss": 0.5215257406234741,
      "eval_runtime": 32.3358,
      "eval_samples_per_second": 697.493,
      "eval_steps_per_second": 87.21,
      "step": 5681
    },
    {
      "epoch": 0.499955997535862,
      "grad_norm": 2.7513279914855957,
      "learning_rate": 8.299634539141111e-05,
      "loss": 0.518,
      "step": 11362
    },
    {
      "epoch": 0.499955997535862,
      "eval_accuracy": {
        "accuracy": 0.7314977387603085
      },
      "eval_f1_metrics": {
        "f1": 0.43569338576513783
      },
      "eval_loss": 0.5157364010810852,
      "eval_runtime": 32.2289,
      "eval_samples_per_second": 699.806,
      "eval_steps_per_second": 87.499,
      "step": 11362
    }
  ],
  "logging_steps": 5681,
  "max_steps": 227260,
  "num_input_tokens_seen": 0,
  "num_train_epochs": 10,
  "save_steps": 5681,
  "stateful_callbacks": {
    "TrainerControl": {
      "args": {
        "should_epoch_stop": false,
        "should_evaluate": false,
        "should_log": false,
        "should_save": true,
        "should_training_stop": false
      },
      "attributes": {}
    }
  },
  "total_flos": 5958723516235776.0,
  "train_batch_size": 8,
  "trial_name": null,
  "trial_params": null
}
