{
  "best_metric": 1.169434905052185,
  "best_model_checkpoint": "./results_kogpt2_gen/checkpoint-5680",
  "epoch": 0.499867992607586,
  "eval_steps": 2840,
  "global_step": 5680,
  "is_hyper_param_search": false,
  "is_local_process_zero": true,
  "is_world_process_zero": true,
  "log_history": [
    {
      "epoch": 0.249933996303793,
      "grad_norm": 0.6772851943969727,
      "learning_rate": 0.00022197930878782536,
      "loss": 2.1698,
      "step": 2840
    },
    {
      "epoch": 0.249933996303793,
      "eval_loss": 1.187092900276184,
      "eval_runtime": 50.5288,
      "eval_samples_per_second": 446.359,
      "eval_steps_per_second": 13.952,
      "step": 2840
    },
    {
      "epoch": 0.499867992607586,
      "grad_norm": 0.38475435972213745,
      "learning_rate": 0.00044403680683552664,
      "loss": 1.1259,
      "step": 5680
    },
    {
      "epoch": 0.499867992607586,
      "eval_loss": 1.169434905052185,
      "eval_runtime": 50.3079,
      "eval_samples_per_second": 448.32,
      "eval_steps_per_second": 14.014,
      "step": 5680
    }
  ],
  "logging_steps": 2840,
  "max_steps": 227260,
  "num_input_tokens_seen": 0,
  "num_train_epochs": 20,
  "save_steps": 2840,
  "stateful_callbacks": {
    "TrainerControl": {
      "args": {
        "should_epoch_stop": false,
        "should_evaluate": false,
        "should_log": false,
        "should_save": true,
        "should_training_stop": false
      },
      "attributes": {}
    }
  },
  "total_flos": 1.200735748620288e+16,
  "train_batch_size": 16,
  "trial_name": null,
  "trial_params": null
}
